Date,Open,High,Low,Close,Adj Close
2022-01-04,1860.08,1874.03,1819.08,1856.31,1856.31
2022-01-05,1850.08,1870.08,1823.08,1829.08,1829.08
2022-01-06,1827.09,1841.08,1743.59,1787.3,1787.3
2022-01-07,1780.08,1793.96,1744.4,1747.08,1747.08
2022-01-10,1733.09,1782.08,1722.63,1771.08,1771.08
2022-01-11,1753.08,1770.08,1736.25,1745.63,1745.63
2022-01-12,1753.08,1783.88,1753.08,1772.08,1772.08
2022-01-13,1769.9,1773.07,1670.64,1682.47,1682.47
2022-01-14,1682.47,1698.08,1668.08,1672.08,1672.08
2022-01-17,1673.08,1683.38,1640.42,1666.69,1666.69
2022-01-18,1666.76,1713.93,1657.08,1697.35,1697.35
2022-01-19,1724.08,1724.08,1693.96,1717.08,1717.08
2022-01-20,1721.08,1785.07,1721.08,1774.6,1774.6
2022-01-21,1765.08,1798.57,1756.09,1790.07,1790.07
2022-01-24,1760.08,1789.08,1736.52,1755.28,1755.28
2022-01-25,1748.08,1771.08,1736.08,1748.08,1748.08
2022-01-26,1747.12,1774.08,1724.08,1760.08,1760.08
2022-01-27,1806.09,1815.9,1757.08,1770.08,1770.08
2022-01-28,1760.08,1773.08,1685.09,1692.08,1692.08
2022-02-07,1706.07,1718.64,1655.08,1673.04,1673.04
2022-02-08,1673.96,1677.95,1595.08,1644.08,1644.08
2022-02-09,1644.17,1713.08,1632.05,1701.06,1701.06
2022-02-10,1705.08,1710.98,1662.47,1678.08,1678.08
2022-02-11,1662.08,1705.87,1646.08,1655.05,1655.05
2022-02-14,1645.08,1682.08,1642.39,1673.75,1673.75
2022-02-15,1673.88,1716.08,1664.08,1695.7,1695.7
2022-02-16,1705.08,1712.08,1693.08,1697.63,1697.63
2022-02-17,1705.69,1716.56,1686.08,1692.07,1692.07
2022-02-18,1682.71,1713.06,1670.74,1712.08,1712.08
2022-02-21,1705.08,1711.98,1674.03,1682.07,1682.07
2022-02-22,1665.09,1666.08,1605.1,1612.95,1612.95
2022-02-23,1616.49,1639.08,1605.16,1632.09,1632.09
2022-02-24,1613.08,1619.07,1553.18,1569.19,1569.19
2022-02-25,1580.08,1613.36,1580.08,1604.14,1604.14
2022-02-28,1592.14,1602.08,1572.08,1595.48,1595.48
2022-03-01,1607.08,1668.65,1607.08,1663.56,1663.56
2022-03-02,1645.08,1656.07,1630.08,1649.96,1649.96
2022-03-03,1650.88,1655.33,1599.08,1605.08,1605.08
2022-03-04,1577.08,1597.97,1560.18,1585.58,1585.58
2022-03-07,1565.28,1573.08,1508.88,1512.08,1512.08
2022-03-08,1565.06,1591.74,1537.08,1558.28,1558.28
2022-03-09,1569.18,1610.08,1526.19,1584.26,1584.26
2022-03-10,1613.08,1626.08,1596.08,1599.51,1599.51
2022-03-11,1571.08,1582.08,1523.16,1574.09,1574.09
2022-03-14,1535.08,1555.08,1505.08,1505.08,1505.08
2022-03-15,1455.08,1490.08,1408.08,1408.08,1408.08
2022-03-16,1439.08,1488.98,1398.08,1480.03,1480.03
2022-03-17,1525.08,1560.08,1516.74,1525.23,1525.23
2022-03-18,1523.08,1550.08,1497.36,1512.87,1512.87
2022-03-21,1529.08,1530.73,1500.09,1509.38,1509.38
2022-03-22,1528.96,1528.96,1491.41,1500.08,1500.08
2022-03-23,1510.08,1575.08,1502.08,1557.27,1557.27
2022-03-24,1543.08,1545.08,1522.43,1526.01,1526.01
2022-03-25,1517.08,1539.08,1490.08,1495.08,1495.08
2022-03-28,1430.08,1469.88,1409.08,1465.88,1465.88
2022-03-29,1466.58,1496.58,1466.58,1472.08,1472.08
2022-03-30,1503.08,1535.18,1500.08,1535.18,1535.18
2022-03-31,1525.08,1543.68,1513.88,1524.08,1524.08
2022-04-01,1535.02,1598.08,1526.77,1585.09,1585.09
2022-04-06,1558.08,1593.81,1558.08,1570.08,1570.08
2022-04-07,1563.08,1590.08,1555.18,1570.08,1570.08
2022-04-08,1573.08,1593.78,1571.62,1589.08,1589.08
2022-04-11,1575.08,1575.08,1511.11,1525.08,1525.08
2022-04-12,1534.08,1593.05,1513.08,1587.08,1587.08
2022-04-13,1572.08,1600.08,1556.16,1574.08,1574.08
2022-04-14,1593.08,1640.98,1585.28,1614.08,1614.08
2022-04-15,1607.28,1623.08,1600.97,1611.07,1611.07
2022-04-18,1586.21,1603.08,1573.08,1595.9,1595.9
2022-04-19,1605.08,1638.07,1580.58,1595.38,1595.38
2022-04-20,1606.77,1625.08,1573.76,1602.08,1602.08
2022-04-21,1595.28,1611.08,1575.08,1585.06,1585.06
2022-04-22,1568.08,1592.96,1565.26,1578.08,1578.08
2022-04-25,1555.08,1581.58,1507.08,1513.08,1513.08
2022-04-26,1508.41,1554.06,1505.08,1537.56,1537.56
2022-04-27,1572.2,1615.08,1572.2,1600.0,1600.0
2022-04-28,1598.08,1650.08,1591.58,1640.08,1640.08
2022-04-29,1641.08,1654.08,1616.06,1633.46,1633.46
2022-05-05,1635.08,1675.08,1634.06,1642.08,1642.08
2022-05-06,1620.07,1624.08,1586.08,1598.08,1598.08
2022-05-09,1585.08,1585.08,1543.08,1557.08,1557.08
2022-05-10,1525.08,1590.04,1510.09,1571.27,1571.27
2022-05-11,1560.08,1593.56,1557.08,1573.08,1573.08
2022-05-12,1558.08,1583.08,1555.08,1567.75,1567.75
2022-05-13,1585.08,1603.02,1571.08,1583.32,1583.32
2022-05-16,1602.08,1602.08,1547.75,1563.08,1563.08
2022-05-17,1574.96,1580.08,1560.08,1573.08,1573.08
2022-05-18,1578.74,1579.0,1548.1,1566.08,1566.08
2022-05-19,1550.08,1562.08,1544.08,1561.08,1561.08
2022-05-20,1565.07,1606.23,1557.08,1605.09,1605.09
2022-05-23,1605.08,1608.97,1577.08,1586.08,1586.08
2022-05-24,1591.08,1592.08,1560.58,1565.08,1565.08
2022-05-25,1570.35,1577.08,1552.08,1560.59,1560.59
2022-05-26,1566.08,1566.08,1535.08,1547.88,1547.88
2022-05-27,1565.07,1585.08,1558.09,1560.24,1560.24
2022-05-30,1571.08,1595.63,1571.08,1583.49,1583.49
2022-05-31,1579.85,1619.98,1572.06,1609.11,1609.11
2022-06-01,1607.08,1619.86,1584.08,1593.33,1593.33
2022-06-02,1593.05,1600.88,1585.08,1591.08,1591.08
2022-06-06,1595.08,1600.08,1563.08,1593.08,1593.08
2022-06-07,1589.22,1630.08,1575.39,1622.98,1622.98
2022-06-08,1630.08,1687.08,1630.08,1670.68,1670.68
2022-06-09,1677.08,1693.43,1654.08,1658.08,1658.08
2022-06-10,1650.09,1712.08,1640.08,1705.68,1705.68
2022-06-13,1695.08,1697.08,1653.16,1661.08,1661.08
2022-06-14,1639.08,1680.5,1637.08,1676.08,1676.08
2022-06-15,1675.08,1710.08,1668.07,1680.18,1680.18
2022-06-16,1699.67,1712.71,1680.41,1682.08,1682.08
2022-06-17,1683.17,1757.08,1683.17,1756.08,1756.08
2022-06-20,1755.08,1775.08,1735.08,1747.1,1747.1
2022-06-21,1754.08,1772.07,1733.08,1750.82,1750.82
2022-06-22,1760.08,1763.08,1737.08,1741.08,1741.08
2022-06-23,1747.78,1770.12,1745.08,1762.18,1762.18
2022-06-24,1775.08,1825.08,1770.08,1814.09,1814.09
2022-06-27,1825.02,1855.02,1805.38,1815.63,1815.63
2022-06-28,1824.82,1846.08,1806.08,1841.08,1841.08
2022-06-29,1833.08,1847.08,1816.09,1835.08,1835.08
2022-06-30,1826.76,1903.76,1826.75,1871.76,1871.76
2022-07-01,1881.76,1894.53,1841.97,1855.81,1855.81
2022-07-04,1846.77,1851.05,1827.77,1844.76,1844.76
2022-07-05,1852.04,1881.21,1836.76,1859.77,1859.77
2022-07-06,1858.76,1865.76,1812.76,1828.76,1828.76
2022-07-07,1831.76,1836.11,1811.77,1816.76,1816.76
2022-07-08,1831.76,1841.65,1822.92,1825.76,1825.76
2022-07-11,1816.96,1821.53,1777.26,1790.36,1790.36
2022-07-12,1791.76,1799.56,1756.82,1775.17,1775.17
2022-07-13,1771.76,1798.76,1767.43,1785.65,1785.65
2022-07-14,1786.76,1803.56,1767.76,1779.76,1779.76
2022-07-15,1771.87,1826.44,1771.27,1776.26,1776.26
2022-07-18,1779.12,1785.76,1748.76,1778.42,1778.42
2022-07-19,1771.76,1778.41,1752.76,1769.86,1769.86
2022-07-20,1785.51,1796.76,1771.76,1776.86,1776.86
2022-07-21,1769.86,1782.66,1761.27,1765.76,1765.76
2022-07-22,1775.98,1788.76,1761.76,1773.76,1773.76
2022-07-25,1776.27,1779.06,1757.76,1771.41,1771.41
2022-07-26,1779.75,1791.73,1773.78,1776.97,1776.97
2022-07-27,1768.76,1774.76,1743.76,1746.36,1746.36
2022-07-28,1747.86,1764.76,1719.42,1724.76,1724.76
2022-07-29,1721.86,1745.75,1704.86,1725.2,1725.2
2022-08-01,1716.77,1734.76,1707.94,1717.06,1717.06
2022-08-02,1706.76,1714.74,1684.77,1706.74,1706.74
2022-08-03,1716.75,1730.76,1703.76,1711.76,1711.76
2022-08-04,1716.76,1749.86,1706.89,1742.77,1742.77
2022-08-05,1754.56,1761.76,1731.66,1750.72,1750.72
2022-08-08,1741.91,1759.64,1734.27,1738.29,1738.29
2022-08-09,1738.29,1745.75,1731.76,1736.76,1736.76
2022-08-10,1736.74,1744.76,1691.34,1702.76,1702.76
2022-08-11,1712.76,1733.76,1704.77,1733.66,1733.66
2022-08-12,1733.66,1756.76,1726.76,1754.76,1754.76
2022-08-15,1747.22,1766.26,1742.31,1746.65,1746.65
2022-08-16,1750.7,1760.55,1742.76,1744.6,1744.6
2022-08-17,1756.76,1756.76,1721.76,1744.76,1744.76
2022-08-18,1734.76,1739.84,1707.83,1722.26,1722.26
2022-08-19,1724.76,1735.11,1714.76,1721.77,1721.77
2022-08-22,1711.77,1733.76,1708.14,1720.74,1720.74
2022-08-23,1725.36,1725.36,1693.76,1696.77,1696.77
2022-08-24,1696.75,1701.99,1677.76,1680.96,1680.96
2022-08-25,1685.76,1714.76,1680.96,1711.76,1711.76
2022-08-26,1726.76,1738.76,1712.76,1724.76,1724.76
2022-08-29,1709.76,1726.73,1700.76,1705.58,1705.58
2022-08-30,1709.11,1711.76,1680.96,1696.76,1696.76
2022-08-31,1686.86,1752.32,1686.77,1750.76,1750.76
2022-09-01,1738.91,1742.76,1707.65,1707.65,1707.65
2022-09-02,1716.7,1719.72,1692.93,1701.76,1701.76
2022-09-05,1689.4,1695.76,1646.76,1661.76,1661.76
2022-09-06,1662.12,1674.96,1651.76,1671.76,1671.76
2022-09-07,1661.79,1664.42,1637.77,1644.77,1644.77
2022-09-08,1646.76,1658.76,1641.76,1641.76,1641.76
2022-09-09,1651.76,1678.76,1642.76,1671.55,1671.55
2022-09-13,1706.76,1715.14,1684.99,1705.76,1705.76
2022-09-14,1690.77,1706.76,1689.76,1695.76,1695.76
2022-09-15,1696.76,1719.88,1696.72,1706.76,1706.76
2022-09-16,1698.56,1712.36,1681.87,1685.76,1685.76
2022-09-19,1681.76,1715.35,1679.64,1698.4,1698.4
2022-09-20,1696.74,1711.36,1685.31,1704.76,1704.76
2022-09-21,1703.43,1709.76,1674.76,1674.76,1674.76
2022-09-22,1666.76,1667.78,1643.61,1647.57,1647.57
2022-09-23,1647.57,1681.76,1647.57,1661.19,1661.19
2022-09-26,1646.76,1714.76,1646.74,1689.76,1689.76
2022-09-27,1695.62,1723.76,1677.87,1714.76,1714.76
2022-09-28,1707.26,1726.16,1700.77,1709.76,1709.76
2022-09-29,1724.74,1728.94,1697.89,1707.11,1707.11
2022-09-30,1725.38,1728.75,1692.76,1699.26,1699.26
2022-10-10,1716.76,1717.76,1606.96,1612.76,1612.76
2022-10-11,1615.76,1632.76,1586.76,1606.75,1606.75
2022-10-12,1600.42,1605.76,1534.76,1586.76,1586.76
2022-10-13,1547.22,1561.76,1523.76,1526.75,1526.75
2022-10-14,1536.76,1581.76,1528.7,1564.37,1564.37
2022-10-17,1552.76,1554.75,1524.56,1545.26,1545.26
2022-10-18,1551.76,1556.76,1527.76,1532.59,1532.59
2022-10-19,1528.74,1528.74,1474.76,1474.76,1474.76
2022-10-20,1447.76,1495.19,1437.76,1470.26,1470.26
2022-10-21,1466.76,1474.56,1436.76,1450.76,1450.76
2022-10-24,1396.76,1415.76,1314.77,1328.04,1328.04
2022-10-25,1306.18,1341.76,1298.76,1306.51,1306.51
2022-10-26,1315.56,1341.75,1286.76,1290.84,1290.84
2022-10-27,1306.76,1314.74,1210.61,1227.76,1227.76
2022-10-28,1217.53,1232.76,1185.47,1186.76,1186.76
2022-10-31,1176.76,1208.77,1159.76,1176.76,1176.76
2022-11-01,1185.76,1296.16,1185.76,1288.77,1288.77
2022-11-02,1286.76,1332.76,1262.76,1298.72,1298.72
2022-11-03,1270.33,1289.26,1254.86,1266.26,1266.26
2022-11-04,1264.72,1354.53,1264.72,1343.33,1343.33
2022-11-07,1320.81,1345.24,1313.35,1333.87,1333.87
2022-11-08,1334.76,1344.75,1295.72,1311.64,1311.64
2022-11-09,1310.71,1315.64,1276.76,1286.66,1286.66
2022-11-10,1270.76,1311.76,1261.91,1301.76,1301.76
2022-11-11,1354.76,1371.21,1321.74,1354.91,1354.91
2022-11-14,1370.26,1390.29,1354.76,1359.76,1359.76
2022-11-15,1358.76,1425.73,1347.76,1414.76,1414.76
2022-11-16,1407.76,1424.76,1394.76,1412.01,1412.01
2022-11-17,1417.26,1423.06,1379.64,1393.76,1393.76
2022-11-18,1402.76,1410.76,1382.76,1393.89,1393.89
2022-11-21,1368.11,1368.11,1325.29,1346.74,1346.74
2022-11-22,1344.2,1386.5,1342.87,1366.71,1366.71
2022-11-23,1354.76,1383.76,1347.8,1375.76,1375.76
2022-11-24,1385.76,1395.64,1340.74,1346.75,1346.75
2022-11-25,1347.27,1358.76,1336.76,1348.77,1348.77
2022-11-28,1311.54,1341.76,1277.76,1336.64,1336.64
2022-11-29,1396.32,1426.76,1377.76,1425.76,1425.76
2022-11-30,1413.88,1430.76,1411.76,1425.76,1425.76
2022-12-01,1486.76,1506.76,1457.55,1457.56,1457.56
2022-12-02,1461.76,1479.75,1447.96,1460.64,1460.64
2022-12-05,1494.76,1505.76,1475.76,1491.66,1491.66
2022-12-06,1481.76,1553.66,1478.76,1514.76,1514.76
2022-12-07,1504.57,1546.76,1496.79,1510.76,1510.76
2022-12-08,1508.76,1521.76,1491.76,1513.78,1513.78
2022-12-09,1518.76,1556.76,1508.76,1556.76,1556.76
2022-12-12,1542.62,1592.76,1541.76,1565.78,1565.78
2022-12-13,1563.76,1587.45,1556.76,1576.76,1576.76
2022-12-14,1569.76,1607.56,1569.76,1597.63,1597.63
2022-12-15,1631.76,1642.76,1606.76,1613.75,1613.75
2022-12-16,1600.01,1617.76,1569.76,1613.63,1613.63
2022-12-19,1625.56,1625.56,1586.93,1599.76,1599.76
2022-12-20,1592.09,1592.09,1509.21,1541.76,1541.76
2022-12-21,1550.76,1565.76,1544.41,1565.76,1565.76
2022-12-22,1583.46,1609.76,1571.76,1594.76,1594.76
2022-12-23,1579.16,1608.76,1571.76,1597.76,1597.76
2022-12-26,1597.76,1597.76,1561.78,1568.82,1568.82
2022-12-27,1586.67,1595.82,1574.17,1581.67,1581.67
2022-12-28,1594.55,1595.67,1556.68,1581.67,1581.67
2022-12-29,1565.67,1575.66,1549.72,1567.67,1567.67
2022-12-30,1584.67,1601.66,1575.67,1575.67,1575.67
2023-01-03,1579.87,1587.1,1554.68,1578.68,1578.68
2023-01-04,1578.67,1587.37,1564.67,1573.68,1573.68
2023-01-05,1585.67,1649.67,1581.67,1649.67,1649.67
2023-01-06,1654.79,1660.57,1635.67,1652.44,1652.44
2023-01-09,1683.67,1698.65,1656.49,1689.87,1689.87
2023-01-10,1687.73,1713.17,1679.17,1703.12,1703.12
2023-01-11,1704.67,1708.67,1685.51,1693.62,1693.62
2023-01-12,1696.67,1704.67,1681.67,1682.67,1682.67
2023-01-13,1692.85,1736.67,1688.67,1735.67,1735.67
2023-01-16,1734.67,1783.67,1729.67,1761.57,1761.57
2023-01-17,1761.83,1771.67,1743.67,1756.67,1756.67
2023-01-18,1762.67,1773.97,1738.67,1741.67,1741.67
2023-01-19,1741.17,1741.19,1714.67,1728.88,1728.88
2023-01-20,1737.86,1746.92,1706.67,1708.68,1708.68
2023-01-30,1757.67,1757.67,1728.67,1736.67,1736.67
2023-01-31,1745.17,1748.62,1681.74,1694.43,1694.43
2023-02-01,1703.65,1707.67,1660.07,1693.64,1693.64
2023-02-02,1697.05,1707.67,1674.67,1684.78,1684.78
2023-02-03,1668.67,1674.67,1644.35,1666.67,1666.67
2023-02-06,1628.67,1643.67,1608.67,1643.67,1643.67
2023-02-07,1656.75,1657.47,1636.4,1645.67,1645.67
2023-02-08,1648.68,1654.64,1623.67,1632.67,1632.67
2023-02-09,1626.67,1678.42,1623.68,1666.67,1666.67
2023-02-10,1658.77,1667.16,1649.72,1658.67,1658.67
2023-02-13,1658.67,1723.17,1658.67,1705.02,1705.02
2023-02-14,1705.13,1706.07,1683.67,1692.46,1692.46
2023-02-15,1692.45,1703.97,1684.48,1689.67,1689.67
2023-02-16,1690.01,1735.67,1676.67,1710.49,1710.49
2023-02-17,1698.83,1721.67,1668.72,1669.45,1669.45
2023-02-20,1669.67,1727.47,1665.87,1723.67,1723.67
2023-02-21,1722.67,1722.67,1699.67,1715.67,1715.67
2023-02-22,1703.68,1712.57,1680.47,1684.67,1684.67
2023-02-23,1688.67,1697.47,1653.92,1666.67,1666.67
2023-02-24,1658.78,1658.86,1630.85,1636.67,1636.67
2023-02-27,1627.17,1663.67,1623.69,1659.08,1659.08
2023-02-28,1667.67,1670.68,1631.97,1662.41,1662.41
2023-03-01,1661.67,1696.67,1651.9,1687.2,1687.2
2023-03-02,1677.67,1687.66,1669.77,1676.67,1676.67
2023-03-03,1688.44,1690.28,1651.15,1666.71,1666.71
2023-03-06,1666.85,1667.17,1645.44,1655.81,1655.81
2023-03-07,1654.65,1665.27,1636.67,1636.97,1636.97
2023-03-08,1628.69,1634.61,1609.79,1619.09,1619.09
2023-03-09,1616.67,1633.67,1588.67,1618.69,1618.69
2023-03-10,1600.24,1629.67,1598.67,1598.67,1598.67
2023-03-13,1599.67,1623.67,1597.67,1610.67,1610.67
2023-03-14,1612.45,1628.55,1587.17,1614.67,1614.67
2023-03-15,1627.04,1633.55,1598.79,1599.59,1599.59
2023-03-16,1588.67,1618.67,1587.68,1600.66,1600.66
2023-03-17,1618.67,1624.56,1584.67,1590.67,1590.67
2023-03-20,1599.67,1603.67,1576.67,1578.27,1578.27
2023-03-21,1583.67,1634.52,1572.64,1623.67,1623.67
2023-03-22,1628.67,1641.67,1614.22,1622.02,1622.02
2023-03-23,1614.67,1639.78,1613.68,1623.53,1623.53
2023-03-24,1617.75,1632.27,1614.67,1627.29,1627.29
2023-03-27,1627.27,1627.27,1604.67,1616.46,1616.46
2023-03-28,1618.67,1638.67,1613.69,1630.47,1630.47
2023-03-29,1647.67,1648.67,1633.74,1638.67,1638.67
2023-03-30,1641.67,1653.67,1627.67,1648.67,1648.67
2023-03-31,1673.67,1696.67,1667.67,1668.67,1668.67
2023-04-03,1673.67,1676.44,1648.75,1650.74,1650.74
2023-04-04,1660.67,1663.84,1635.67,1663.26,1663.26
2023-04-06,1653.67,1664.57,1636.89,1645.63,1645.63
2023-04-07,1643.67,1654.68,1637.01,1639.66,1639.66
2023-04-10,1639.55,1639.55,1592.67,1620.37,1620.37
2023-04-11,1641.67,1641.67,1592.67,1594.17,1594.17
2023-04-12,1595.93,1598.67,1541.49,1542.77,1542.77
2023-04-13,1538.67,1572.26,1532.68,1571.67,1571.67
2023-04-14,1574.67,1581.67,1553.47,1562.09,1562.09
2023-04-17,1588.67,1601.67,1576.67,1601.67,1601.67
2023-04-18,1601.67,1617.67,1594.69,1606.67,1606.67
2023-04-19,1610.67,1614.17,1598.67,1607.67,1607.67
2023-04-20,1608.78,1613.67,1577.67,1590.55,1590.55
2023-04-21,1594.67,1596.75,1569.95,1574.14,1574.14
2023-04-24,1569.67,1570.67,1549.67,1553.67,1553.67
2023-04-25,1554.67,1584.65,1550.67,1579.05,1579.05
2023-04-26,1592.67,1609.67,1568.67,1592.58,1592.58
2023-04-27,1596.67,1618.67,1578.67,1606.59,1606.59
2023-04-28,1611.68,1631.44,1602.64,1609.19,1609.19
2023-05-04,1617.67,1626.34,1584.67,1598.57,1598.57
2023-05-05,1614.67,1614.67,1585.06,1598.67,1598.67
2023-05-08,1616.99,1617.67,1565.84,1569.19,1569.19
2023-05-09,1563.67,1588.65,1555.74,1570.67,1570.67
2023-05-10,1563.86,1584.67,1563.67,1573.67,1573.67
2023-05-11,1579.67,1583.67,1563.67,1565.74,1565.74
2023-05-12,1563.67,1578.55,1553.68,1555.07,1555.07
2023-05-15,1550.67,1565.67,1539.87,1564.97,1564.97
2023-05-16,1562.66,1568.66,1545.67,1551.96,1551.96
2023-05-17,1556.67,1561.67,1547.68,1549.67,1549.67
2023-05-18,1553.66,1554.07,1538.67,1539.67,1539.67
2023-05-19,1519.67,1553.0,1504.22,1548.17,1548.17
2023-05-22,1538.68,1600.67,1538.67,1594.67,1594.67
2023-05-23,1602.66,1602.67,1573.22,1573.22,1573.22
2023-05-24,1581.0,1582.22,1558.78,1559.57,1559.57
2023-05-25,1554.66,1558.67,1538.67,1549.67,1549.67
2023-05-26,1550.67,1553.67,1523.68,1539.23,1539.23
2023-05-29,1545.67,1547.02,1526.67,1537.67,1537.67
2023-05-30,1537.67,1547.56,1507.23,1516.96,1516.96
2023-05-31,1509.68,1514.39,1475.34,1477.57,1477.57
2023-06-01,1466.67,1523.66,1466.67,1484.59,1484.59
2023-06-02,1493.67,1521.82,1484.78,1519.27,1519.27
2023-06-05,1514.83,1531.55,1511.67,1513.67,1513.67
2023-06-06,1518.67,1532.67,1500.22,1515.66,1515.66
2023-06-07,1521.66,1527.47,1498.67,1499.57,1499.57
2023-06-08,1504.5,1523.67,1498.68,1516.67,1516.67
2023-06-09,1520.66,1526.64,1514.67,1514.67,1514.67
2023-06-12,1514.69,1556.67,1510.19,1544.67,1544.67
2023-06-13,1542.55,1553.28,1533.67,1547.67,1547.67
2023-06-14,1567.67,1582.91,1554.88,1575.55,1575.55
2023-06-15,1579.01,1604.32,1571.67,1603.67,1603.67
2023-06-16,1605.67,1648.67,1598.77,1646.36,1646.36
2023-06-19,1638.67,1646.62,1586.67,1592.67,1592.67
2023-06-20,1588.67,1613.67,1583.67,1592.13,1592.13
2023-06-21,1588.67,1605.27,1583.67,1584.5,1584.5
2023-06-26,1568.78,1578.67,1543.67,1557.67,1557.67
2023-06-27,1558.66,1568.37,1548.76,1559.72,1559.72
2023-06-28,1561.85,1582.67,1559.67,1577.05,1577.05
2023-06-29,1579.67,1583.66,1561.68,1562.38,1562.38
2023-06-30,1574.58,1583.57,1561.06,1565.58,1565.58
2023-07-03,1573.58,1599.86,1566.58,1598.68,1598.68
2023-07-04,1598.78,1609.02,1592.66,1605.18,1605.18
2023-07-05,1604.58,1606.55,1574.58,1589.96,1589.96
2023-07-06,1583.74,1607.58,1574.58,1577.56,1577.56
2023-07-07,1575.58,1583.57,1564.58,1564.61,1564.61
2023-07-10,1579.58,1589.54,1574.58,1575.48,1575.48
2023-07-11,1584.58,1589.75,1576.68,1584.58,1584.58
2023-07-12,1587.62,1597.58,1585.91,1588.38,1588.38
2023-07-13,1596.57,1619.99,1593.59,1612.98,1612.98
2023-07-14,1630.58,1633.08,1615.78,1627.58,1627.58
2023-07-17,1625.58,1625.58,1601.18,1604.55,1604.55
2023-07-18,1608.16,1609.09,1595.58,1597.38,1597.38
2023-07-19,1589.59,1602.58,1588.38,1597.58,1597.58
2023-07-20,1602.57,1623.56,1596.58,1598.58,1598.58
2023-07-21,1606.46,1647.08,1600.58,1645.88,1645.88
2023-07-24,1625.1,1645.73,1625.1,1645.73,1645.73
2023-07-25,1674.58,1703.46,1674.57,1703.13,1703.13
2023-07-26,1703.13,1710.57,1689.66,1703.13,1703.13
2023-07-27,1710.58,1729.37,1703.28,1712.61,1712.61
2023-07-28,1706.58,1774.58,1702.59,1771.58,1771.58
2023-07-31,1782.58,1809.58,1748.58,1755.16,1755.16
2023-08-01,1752.59,1781.53,1752.47,1763.58,1763.58
2023-08-02,1757.98,1764.58,1741.38,1754.58,1754.58
2023-08-03,1744.58,1764.58,1725.08,1753.05,1753.05
2023-08-04,1762.4,1781.1,1756.58,1768.05,1768.05
2023-08-07,1755.53,1772.58,1745.61,1762.51,1762.51
2023-08-08,1754.61,1768.29,1738.66,1764.58,1764.58
2023-08-09,1764.58,1779.58,1757.54,1764.86,1764.86
2023-08-10,1756.58,1763.58,1736.88,1749.58,1749.58
2023-08-11,1759.58,1759.98,1708.46,1708.58,1708.58
2023-08-14,1684.58,1699.56,1670.58,1677.58,1677.58
2023-08-15,1683.58,1692.58,1675.59,1687.56,1687.56
2023-08-16,1682.16,1697.93,1680.58,1694.58,1694.58
2023-08-17,1680.66,1708.58,1676.13,1702.63,1702.63
2023-08-18,1706.57,1709.57,1677.17,1677.17,1677.17
2023-08-21,1667.58,1688.57,1664.65,1665.58,1665.58
2023-08-22,1675.57,1677.14,1645.6,1662.58,1662.58
2023-08-23,1671.58,1674.58,1644.66,1648.58,1648.58
2023-08-24,1654.2,1702.58,1649.58,1690.88,1690.88
2023-08-25,1683.37,1712.35,1680.59,1699.56,1699.56
2023-08-28,1773.16,1773.16,1706.46,1709.55,1709.55
2023-08-29,1702.58,1743.66,1702.58,1725.91,1725.91
2023-08-30,1742.48,1742.58,1718.24,1730.58,1730.58
2023-08-31,1734.58,1734.58,1715.59,1721.58,1721.58
2023-09-01,1727.41,1740.05,1720.61,1725.63,1725.63
2023-09-04,1737.18,1754.52,1728.11,1740.58,1740.58
2023-09-05,1742.58,1742.58,1731.38,1733.28,1733.28
2023-09-06,1732.58,1741.24,1723.59,1735.58,1735.58
2023-09-07,1727.18,1731.47,1705.77,1712.58,1712.58
2023-09-08,1709.52,1709.52,1689.53,1693.08,1693.08
2023-09-11,1682.58,1714.58,1682.58,1696.75,1696.75
2023-09-12,1701.18,1701.56,1690.6,1694.54,1694.54
2023-09-13,1704.5,1704.5,1674.63,1694.49,1694.49
2023-09-14,1697.11,1701.56,1680.58,1693.27,1693.27
2023-09-15,1693.58,1694.36,1655.88,1656.57,1656.57
2023-09-18,1650.89,1704.08,1647.58,1703.78,1703.78
2023-09-19,1696.78,1703.58,1682.58,1701.52,1701.52
2023-09-20,1696.58,1704.58,1692.63,1698.58,1698.58
2023-09-21,1692.59,1696.58,1672.97,1672.97,1672.97
2023-09-22,1680.21,1724.54,1666.99,1723.58,1723.58
2023-09-25,1722.08,1722.58,1701.17,1706.96,1706.96
2023-09-26,1702.58,1709.46,1687.68,1690.58,1690.58
2023-09-27,1689.58,1708.08,1677.38,1688.58,1688.58
2023-09-28,1699.56,1699.56,1672.38,1673.13,1673.13
2023-10-09,1671.52,1671.52,1639.48,1651.58,1651.58
2023-10-10,1657.47,1673.56,1642.58,1644.58,1644.58
